courses name,price per session,no. of lessons,hour per session,Total price,Description,Session names
LEARN SCRATCH PROGRAMING,20,16,1,320,Scratch Course is the foundation of coding and is a building block of a coding journey If you want to Kickstart your coding journey scratch programming is the ultimate start It will not only nourish your thinking skills but also enhance the idea about how programming in computer works and how the code is writtenMAIN FEATURES OF THE PROGRAMOne on One Live Interactive Sessions with verified InstructorCustomized Curriculum according to your kid’s progressSimple and interesting assignments for easy learningClass Tracking Report on a daily basisStrong focus on Learning with FunComplete access to the study materials and PowerPoint Slides,Session 1Introduction to Scratch Programingorder1Session 2Creating a Scratch accountorder2Session 3Getting familiar with Scratch website and editororder3Session 4Graphic design- sprites costumes stages and backdropsorder4Session 5Looks and soundorder5Session 6Control operators and conditionsorder6Session 7Creating a simple ‘About me’ programorder7Session 8Beginners projectorder8Session 9Creating your animation on Scratchorder9Session 10Learn to make the Scratch cat dance on stageorder10Session 11 Variables and in depth concept of repetitionorder11Session 12Copying and algorithm on Scratch order12Session 13Concept of motion and sensingorder13Session 14Sound and music in Scratch order14Session 15 Learn to create a simple game along with some tips and tricksorder15Session 16Beginners projectorder16
LEARN CLOUD COMPUTING BASICS-AWS,30,20,1,600,In this course we are going to cover the basics and the most important services on AWSAt the end of this course you will have a solid understanding of AWS and you can start using it for your projectsMAIN FEATURES OF THE PROGRAM•One on One Live Interactive Sessions with verified Instructor•Customized Curriculum according to your kid’s progress•Simple and interesting assignments for easy learning•Class Tracking Report on daily basis•Strong focus on Learning with Fun•Complete access of the study materials and Power Point Slides ,Session 1Introductionorder1Session 2Overview AWS servicesorder2Session 3Registration and first loginorder3Session 4Top menu security basics admin account password MFA Password Policyorder4Session 5IAM basics create to users groups policiesorder5Session 6 Account u0026 IAMorder6Session 7VPC Dashboard Overvieworder7Session 8 VPC u0026 Subnetsorder8Session 9Security Groupsorder9Session 10Route53 Certificate Managerorder10Session 11EC2 First EC2 instanceorder11Session 12EC2 setting up a webserverorder12Session 13EC2 AMIsorder13Session 14EC2 Windowsorder14Session 15S3 Overview S3 u0026 Glacierorder15Session 16S3 advanced Versioning Permissions Glacierorder16Session 17 Cloud Formation Overview u0026 Theoryorder17Session 18Cloud Formation Examplesorder18Session 19System managerorder19Session 20Trusted advisororder20
LEARN MOBILE DEVELOPMENT,20,24,1,480,Mobile application development is the process of creating software applications that run on a mobile device and a typical mobile application utilizes a network connection to work with remote computing resourcesThis course introduces students to programming technologies design and development related to mobile applicationsMAIN FEATURES OF THE PROGRAM•One on One Live Interactive Sessions with verified Instructor•Customized Curriculum according to your kid’s progress•Simple and interesting assignments for easy learning•Class Tracking Report on daily basis•Strong focus on Learning with Fun•Complete access of the study materials and Power Point Slides ,Session 1Introductionorder1Session 2Learning about Android Appsorder2Session 3Environment and Tools used to Develop Android Appsorder3Session 4Kotlinorder4Session 5Variables and Operatorsorder5Session 6Strings Functions and Arraysorder6Session 7Conditionals Loops and Listsorder7Session 9Classes in Kotlinorder9Session 10 Inheritance and Interfacesorder10Session 11Installation and Setup of Android Studioorder11Session 12Activity and its Lifecycleorder12Session 13Exploring Linear Layoutsorder13Session 14Exploring Relative Layoutsorder14Session 8Errors and Exceptionsorder8Session 15Scrolling with Scroll vieworder15Session 16Sharing Data between Activitiesorder16Session 17Working with Navigation Vieworder17Session 18Connecting to the Internetorder18Session 19Fetching Data using GET Requestorder19Session 20Fetching Data using POST Requestorder20Session 21 ROOM Make Room for itorder21Session 22Databases Everywhereorder22Session 23Initiating Developmentorder23Session 24Testing and Uploadingorder24
LEARN CORE JAVA PROGRAMMING ONLINE,20,41,1,820,Java is a very popular high-level class-based object-oriented programming language that is designed to have as few implementation dependencies as possible It is a general-purpose programming language intended to let application developers write once run anywhere WORA meaning that compiled Java code can run on all platforms that support Java without the need for recompilation Java applications are typically compiled to bytecode that can run on any Java virtual machine JVM regardless of the underlying computer architecture The syntax of Java is similar to C and CIn this course students will understand Programming and Java We cover basics of Java Flow of execution Data Types and their functions and loops We will also give practice questions and will teach logic building Sufficient amount of fundamental knowledge will be provided which is necessary enough to pursue the Intermediate Java CoursesMAIN FEATURES OF THE PROGRAM•One on One Live Interactive Sessions with verified Instructor•Customized Curriculum according to your kid’s progress•Simple and interesting assignments for easy learning•Class Tracking Report on daily basis•Strong focus on Learning with Fun•Complete access of the study materials and Power Point Slides ,Session 1 Introduction to JAVA History and Featuresorder1Session 2Object Oriented programming paradigm Classes and Objectsorder2Session 3Java Compilation Process JDK JRE JVM JIT definition and useorder3Session 4 Token and Data types in Javaorder4Session 5Operators in Java Theory and examplesorder5Session 6Important Keywords in Java new this return break continue static etcorder6Session 7 Conditional Statements in Java if-else switch etcorder7Session 8Loops in Java for while do-whileorder8Session 9Practice programs on loopsorder9Session 10Methods and Constructors in Java order10Session 11Input methods in Javaorder11Session 12Introduction to Arrays single dimension and double dimensionorder12Session 13Practice problems on Arraysorder13Session 14Introduction to Strings in Javaorder14Session 15Practice problems on Stringsorder15Session 16Packages in Javaorder16Session 17Wrapper classesorder17Session 18Exception Handlingorder18Session 19 Polymorphismorder19Session 20 Encapsulation order20Session 21 Inheritanceorder21Session 22Abstract class and Interfacesorder22Session 23 Recursionorder23Session 24 Practice Problems on Recusionorder24Session 25Overloading vs Overriddingorder25Session 26  Java Inner classesorder26Session 27 Introduction to javalang packageorder27Session 28 Introduction to javautil packageorder28Session 29 Multithreadingorder29Session 30 Practice problems on Multithreadingorder30Session 31 Genericsorder31Session 32 Collections framework in Javaorder32Session 33Practice Problems on Collection Frameworkorder33Session 34Lambda Expressions in Javaorder34Session 35 Java Input Outputorder35Session 36 Java Networkingorder36Session 37Introduction to GUI programming using awtorder37Session 38Introduction to Swingorder38Session 39Introduction to JavaFx and why JavaFx is better than awt and swingorder39Session 40Practice basic programs in JavaFxorder40Session 41Java Appletorder41
LEARN ROBOTICS,20,25,1,500,You can open all kinds of doors for advancement in so many careers with a basic understanding of electronics Think of all of the fields and hobbies that involve electronics to some degree Our robots today rove Mars vacuum our floors build cars and entertain us in films Maybe you even agree with Stephen Hawking that super-intelligent one will bring about the extinction of mankind one dayWith the Learn Robotics course you will uncover some of the fundamentals of robot design how robots are built and how they work MAIN FEATURES OF THE PROGRAM•     One on One Live Interactive Sessions with verified Instructor•     Customized Curriculum according to your kid’s progress•     Simple and interesting assignments for easy learning•     Class Tracking Report on daily basis•     Strong focus on Learning with Fun•     Complete access of the study materials and Power Point Slides,Session 1 Introduction to Roboticsorder1Session 2 Introduction to Robotics - 2order2Session 3 Introduction to Electronicsorder3Session 4 Scratch order4Session 5 Algorithms everywhereorder5Session 6Introduction to Arduinoorder6Session 7 Arduino X Scratchorder7Session 8 Meet Sensorsorder8Session 9 Circuits-1order9Session 10Circuits-2order10Session 11 Designing our First Robotorder11Session 12Simulating our Robot-1order12Session 13 Simulating our Robot-2order13Session 14 Making our first Robotorder14Session 15 Test your knowledgeorder15Session 16 Learn to make an Apporder16Session 17 Build you first Apporder17Session 18Interact with the Robot 1order18Session 20Obstacle avoidance Robot 1order20Session 21 Obstacle avoidance Robot 2order21Session 22 Follow me Robot 1order22Session 23 Follow me Robot 2order23Session 24Project Anti Covid Robot 1order24Session 25 Project Anti Covid Robot 2order25
LEARN JAVASCRIPT,20,18,1,360,JavaScript is the most popular programming language in the world It powers the entire modern web It provides millions of high-paying jobs all over the worldJavaScript is the language that powers the web from great user interface experiences to powerful applications like Gmail and Google docs to server scripts and even chips JavaScript is everywhere Just imagine the possibilities youll be given with knowledge of JavaScript That’s why you want to learn JavaScript tooMAIN FEATURES OF THE PROGRAM•One on One Live Interactive Sessions with verified Instructor•Customized Curriculum according to your kid’s progress•Simple and interesting assignments for easy learning•Class Tracking Report on daily basis•Strong focus on Learning with Fun•Complete access to the study materials and PowerPoint Slides ,Session 1Introduction to JavaScriptorder1Session 2 Setting Up Code Editororder2Session 3 Values and Variablesorder3Session 4 Data Typesorder4Session 5  Basic Operatorsorder5Session 6 Statements and Expressionsorder6Session 7 Functionsorder7Session 8 Objectsorder8Session 9 Loopsorder9Session 10 Mapsorder10Session 11  Stringsorder11Session 12 arraysorder12Session 13  JavaScript syntaxorder13Session 14 Object methodsorder14Session 15  JavaScript in browserorder15Session 16 Add JavaScript to pageorder16Session 17 variablesorder17Session 18 Propertiesorder18
LEARN NODE JS,20,18,1,360,Nodejs developers are in high demand and the language is used for everything from traditional web apps with server-side rendered views over REST APIs all the way up to GraphQL APIs and real-time web services Not to mention its applications in build workflows for projects of all sizesThat’s why you want to learn Node JS tooMAIN FEATURES OF THE PROGRAM•One on One Live Interactive Sessions with verified Instructor•Customized Curriculum according to your kid’s progress•Simple and interesting assignments for easy learning•Class Tracking Report on daily basis•Strong focus on Learning with Fun•Complete access of the study materials and Power Point Slides ,Session 1Introduction order1Session 2 Creating a Node Serverorder2Session 3 Arrays u0026 Array Methodsorder3Session 4 Arrays Objects u0026 Reference Typesorder4Session 5 Working with Objects Properties u0026 Methodsorder5Session 6 Statements and Expressionsorder6Session 7Understanding Spread u0026 Rest Operatorsorder7Session 8 Dealing with Errorsorder8Session 9 MVCorder9Session 10 SQLorder10Session 11Dynamic Routesorder11Session 12  Expressjsorder12Session 13 Debuggingorder13Session 14 Sending Responsesorder14Session 15 Routing Requestsorder15Session 16 Redirecting Requestsorder16Session 17 Using the Debuggerorder17Session 18Wrap Uporder18
LEARN CLOUD COMPUTING ADVANCE-AWS,35,18,1,630,DESCRIPTIONThis introduction to cloud computing on Amazon AWS course takes you from the AWS Advance level to being a competent AWS cloud practitioner Youll learn general cloud computing concepts and AWS from fundamentals right through to advanced conceptsYoull also build hands-on skills using many of the core Amazon Web Services AWS services MAIN FEATURES OF THE PROGRAM•One on One Live Interactive Sessions with verified Instructor•Customized Curriculum according to your kid’s progress•Simple and interesting assignments for easy learning•Class Tracking Report on daily basis•Strong focus on Learning with Fun•Complete access of the study materials and Power Point Slides COURSE CONTENTSession-1Introduction Session-2 Building Blocks of Cloud ComputingSession-3 Demystifying Cloud Computing ArchitectureSession-4 Amazon Elastic Compute Cloud EC2Session-5 AWS Storage ServicesSession-6 AWS DatabasesSession-7 Automation on AWSSession-8 DevOps on AWS - Creating a Code PipelineSession-9 Content Delivery and DNS ServicesSession-10 Containers and Serverless ComputingSession-11 Application Integration and Loose CouplingSession-12 Amazon SNS and Amazon SQSSession-13 AWS Lambda to Amazon SQS Event Source MappingSession-14 Serverless application - Amazon SQS SNS and LambdaSession-15 Serverless with AWS LambdaSession-16 Docker Containers on Amazon ECSSession-17 AWS CodePipeline with AWS Elastic BeanstalkSession-18 AWS Certification,Session-1 Introduction order1Session-2 Building Blocks of Cloud Computingorder2Session-3Demystifying Cloud Computing Architectureorder3Session-4Amazon Elastic Compute Cloud EC2order4Session-5 AWS Storage Servicesorder5Session-6AWS Databasesorder6Session-7 Automation on AWSorder7Session-8DevOps on AWS - Creating a Code Pipelineorder8Session-9Content Delivery and DNS Servicesorder9Session-10Containers and Serverless Computingorder10Session-11 Application Integration and Loose Couplingorder11Session-12Amazon SNS and Amazon SQSorder12Session-13 AWS Lambda to Amazon SQS Event Source Mappingorder13Session-14Serverless application - Amazon SQS SNS and Lambdaorder14Session-15Serverless with AWS Lambdaorder15Session-16 Docker Containers on Amazon ECSorder16Session-17AWS CodePipeline with AWS Elastic Beanstalkorder17Session-18AWS Certificationorder18
PYTHON PROGRAMMING-BEGINNER,20,16,1,320,Python is a language with simple syntax and a powerful set of libraries It has a rich programming environment including a robust debugger and profiler While it is easy for beginners to learn it is widely used in many scientific areas for data exploration This course is an introduction to the Python programming language for students without prior programming experienceIn this course students will understand Programming and Python We cover basics of Python Flow of execution Data Types and their functions and loops We will also give practice questions and will teach to create a simple game using Random Module Sufficient amount of fundamental knowledge will be provided which is necessary enough to pursue the Intermediate Python CoursesMAIN FEATURES OF THE PROGRAM●One on One Live Interactive Sessions with verified Instructor●Customized Curriculum according to your kid’s progress●Simple and interesting assignments for easy learning●Class Tracking Report on daily basis●Strong focus on Learning with Fun●Complete access of the study materials and Power Point Slides,Session-1Introduction and Installation of Pythonorder1Session-2print and Escape Sequence and Comments in Pythonorder2Session-3input and Variables and Introduction to DataTypesorder3Session-4Integer and Float Data Type and Mathematical operations in Pythonorder4Session-5String Data Type and its functionsorder5Session-6List Data Type and its functionsorder6Session-7Tuple Data Type and its functionsorder7Session-8Dictionary and Set Data Type and its functionsorder8Session-9Practice Problemsorder9Session-10Introduction to Loops and ‘For Loop’order10Session-11While Looporder11Session-12break continue and pass keywords in Pythonorder12Session-13Practice Problemsorder13Session-14Operators and String Slicing in Pythonorder14Session-15Random Module imporder15Session-16Guess The Number Game and Overall Summaryorder16
Roblox Programming For Beginners,30,15,1,450,Explore the dynamic universe of game development with our Roblox Game Development Fundamentals course Over 15 engaging sessions youll delve into the Roblox platform master the Roblox Studio interface and acquire proficiency in Lua programming – the scripting language behind Roblox games Dive deep into game mechanics interactive elements and player-controlled characters while also gaining valuable insights into multiplayer functionality Through hands-on projects and collaborative development youll craft your own games create stunning user interfaces and learn to troubleshoot common issues By the end of this course youll be well-prepared to publish your Roblox creations share them with the world and showcase your talents as a Roblox game developer Whether youre a beginner or have some prior experience this course offers a comprehensive foundation to unleash your creativity and become a part of the vibrant Roblox game development communityJoin us on a journey of creativity and innovation as we guide you through the exciting world of Roblox game development,Roblox for Beginnersorder15
PYTHON PROGRAMMING-INTERMEDIATE,20,16,1,320,Take your python skills to the next level and start building real applicationsPython is a programming language is well-known for being easy and simple to use mainly because it allows the programmers to use a method rich in styles instead of doing in a complex way It also features the possibility of extending over other customization interfacesIn this course you will learn in depth the most important Python language topics for the intermediate level We will also give practice questions and Sufficient amount of fundamental knowledge will be provided which is necessary enough to pursue the advance Python CoursesMAIN FEATURES OF THE PROGRAM•One on One Live Interactive Sessions with verified Instructor•Customized Curriculum according to your kid’s progress•Simple and interesting assignments for easy learning•Class Tracking Report on daily basis•Strong focus on Learning with Fun•Complete access of the study materials and Power Point Slides ,Session-1Revision of python basicsorder1Session-2Recursion and comparison with iterationsorder2Session-3Introduction to Dictionaries its methods and operationsorder3Session-4Introduction to Sets and Set Operationsorder4Session-5Introduction to tuples and its operationsorder5Session-6Introduction to lists operations multi-dimensional listorder6Session-7Practice Problemsorder7Session-8OOPs Terminologies Class Object Encapsulation Inheritanceorder8Session-9Introduction to Class and Object Overviewing OOPs order9Session-10Introduction to nested and abstract classorder10Session-11Introduction to overloadingMethod conceptual Operator and overridingMethodorder11Session-12Practice Problemsorder12Session-13Introduction to exception handlingorder13Session-14Introduction to file handling with pandascsvorder14Session-15Project Online Banking Systemorder15Session-16Project Online Banking Systemorder16
PYTHON PROGRAMMING-ADVANCE,25,30,1,750,If you already know Python basics then this training is the next step in your Python learning path to become a Python programmer Python is an interpreted object-oriented high-level programming language with dynamic semantics Its high-level built in data structures combined with dynamic typing and dynamic binding make it very attractive for Rapid Application DevelopmentBecoming a Python expert takes time but over time you’ll master this beautiful programming language It’s worth itMAIN FEATURES OF THE PROGRAM•One on One Live Interactive Sessions with verified Instructor•Customized Curriculum according to your kid’s progress•Simple and interesting assignments for easy learning•Class Tracking Report on daily basis•Strong focus on Learning with Fun•Complete access of the study materials and Power Point Slides ,Session-1Revision of python data types Dictionaries Sets Lists Tuples and OOPs conceptsorder1Session-2Revision of file and exception handlingorder2Session-3Introduction to numpy arrays2D array includedorder3Session-4Introduction to tkinter canvas frame title and labelorder4Session-6Introduction to entry text box message box list boxorder6Session-7Introduction to checkbox radio button menuoption menuorder7Session-8Introduction to file handling using GUIorder8Session-9Random Captcha projectorder9Session-10Store Sales Management System GUIorder10Session-11Introduction to Matplotlib labels ticks legend titleorder11Session-12Introduction to bar charts and histogramsorder12Session-13Introduction to line plot and multiple subplottingorder13Session-14Introduction to scatter plot and pie chartorder14Session-15Introduction 3D scatter plot and stacked plotorder15Session-16Practice Problemorder16Session-17Introduction to Data Cleaning describing plotting and handling nullsorder17Session-18Handling unnecessary data in the datasetirrelevant repetitive and duplicatesorder18Session-19Handling outliers in the dataorder19Session-20Handling irregularities in the dataorder20Session-21Introduction to Machine Learning application supervised and unsupervised learningorder21Session-22Introduction to regressionlinear and nonlinearorder22Session-23Introduction to data fitting and scalingorder23Session-24Introduction to decision tree and building a decision treeorder24Session-25Introduction clustering and K meansorder25Session-26Introduction to hierarchical clusteringorder26Session-27Introduction to RNNCNNANN Input output feedback hidden layers epochsorder27Session-28Training and Predicting outputs using neural networkorder28Session-29Project- Stock data analysis Cleaning Visualization and Interpretation order29Session-30Project- Stock data prediction Creating learning model training neural network and predicting outputorder30
PYTHON PROGRAMMING GROUP CLASSES - BEGINNER,20,16,1,320,Python is a language with simple syntax and a powerful set of libraries It has a rich programming environment including a robust debugger and profiler While it is easy for beginners to learn it is widely used in many scientific areas for data exploration This course is an introduction to the Python programming language for students without prior programming experienceIn this course students will understand Programming and Python We cover basics of Python Flow of execution Data Types and their functions and loops We will also give practice questions and will teach to create a simple game using Random Module Sufficient amount of fundamental knowledge will be provided which is necessary enough to pursue the Intermediate Python CoursesMAIN FEATURES OF THE PROGRAM●One on One Live Interactive Sessions with verified Instructor●Customized Curriculum according to your kid’s progress●Simple and interesting assignments for easy learning●Class Tracking Report on daily basis●Strong focus on Learning with Fun●Complete access of the study materials and Power Point Slides,Session-1Introduction and Installation of Pythonorder1Session-2print and Escape Sequence and Comments in Pythonorder2Session-4Integer and Float Data Type and Mathematical operations in Pythonorder4Session-5String Data Type and its functionsorder5Session-6List Data Type and its functionsorder6Session-7Tuple Data Type and its functionsorder7Session-8Dictionary and Set Data Type and its functionsorder8Session-9Practice Problemsorder9Session-10Introduction to Loops and ‘For Loop’order10Session-11While Looporder11Session-12break continue and pass keywords in Pythonorder12Session-14Operators and String Slicing in Pythonorder14Session-15Random Module imporder15Session-16Guess The Number Game and Overall Summaryorder16Session-3input and Variables and Introduction to DataTypesorder3Session-13Practice Problemsorder13
Advanced Roblox Scripting Workshop,30,14,1,420,Are you ready to unlock the full potential of your Roblox game development skills Join our Intermediate Roblox Game Development and Scripting course today and embark on a transformative journey that will elevate your game development prowess to new heights In this comprehensive 14-session program youll dive deep into the intricacies of Roblox game creation mastering advanced scripting techniques designing captivating user interfaces implementing sophisticated character controls and exploring the world of data persistence But thats not all Well guide you through the complexities of multiplayer networking help you create immersive audiovisual effects and teach you the secrets of performance optimization Youll even gain proficiency in collaboration with version control systems a skill thats essential for real-world game development teamsThroughout the course youll put your newfound knowledge into practice with hands-on projects receive constructive feedback from your peers and polish your games to a professional standard By the end youll not only have a portfolio of impressive Roblox projects but also the confidence and skills to create captivating multiplayer experiences that set you apart in the world of game developmentDont miss out on this unique opportunity to showcase your expertise and join the thriving Roblox developer community Enroll now to kickstart your journey towards becoming a highly skilled Roblox game developer and start crafting immersive multiplayer games that captivate players and potential employers alike Your future in game development begins here – elevate your game enroll today,Advanced Roblox scripting Workshoporder14
Robotics Adventure Awaits:Join Our Summer Camp for Young Tech Wizards!,20,16,1,320,This course is designed to introduce beginners to the world of robotics Learners will be taught the fundamental concepts and skills required to design build and program robots By the end of the course learners should have a basic understanding of robotics and be able to apply this knowledge to create simple robotsSome of the topics that may be covered in a beginners robotics course areIntroduction to RoboticsComponents of a RobotBasic ElectronicsMicrocontroller ProgrammingMotors and ActuatorsSensors and Feedback ControlRobot Design and ConstructionRobot Motion and KinematicsRobot Navigation and MappingEthics and Safety in RoboticsThe class may be structured into lectures hands-on activities and assignments The teaching style  includes a mix of visual aids interactive activities and discussion to help students understand and apply the concepts they are learning The course may include various opportunities for students to interact with each other and the instructor These may include group activities discussions and QA sessions The instructor may also use videos slides and other multimedia resources to enhance the learning experienceThe course may not require any previous experience in robotics or programming but learners should have a basic understanding of math and science concepts Familiarity with basic computer skills and programming languages may also be helpful,Coming Soon
Java Project-Based Course,20,7,1,140,Java Project-Based Course for Intermediate Level Students Overview This course is designed for intermediate level students who want to build practical Java projects while learning advanced Java concepts Over the course of one week students will build 7 real-world Java projects Day 1 Quiz ApplicationDay 2 File ManagerDay 3 Weather ApplicationDay 4 Social Network Day 5 Image EditorDay 6 Stock Trading SystemDay 7 E-commerce Site,Coming Soon
Artificial Intelligence Adventures: Building AI Chatbot Like Chatgpt (For Kids),22,10,1,220,Unlock the power of AI chatbots in our 10-day course Gain comprehensive knowledge of chatbot development NLP NLU and dialog management Get hands-on experience through 4 projects covering intent recognition contextual chatbot creation messaging platform deployment and personalization Enroll now to become a skilled AI chatbot builder  Duration 10 Days Projects 4 Minor Projects for Hands-On Experience Course OverviewDay 1 Introduction to Chatbots and Natural Language Processing NLPDay 2 Designing Conversational InterfacesDay 3 Introduction to Natural Language Understanding NLU Project 1 Build an Intent Recognition Model for the ChatbotDay 4 Natural Language Generation NLG for ChatbotsDay 5 Dialog Management and Contextual Understanding Project 2 Develop a Contextual Chatbot with Memory and Dialog ManagementDay 6 Introduction to Deep Learning for ChatbotsDay 7 Deploying Chatbots on Messaging Platforms Project 3 Deploy the Chatbot on a Messaging PlatformDay 8 Chatbot Analytics and Performance MonitoringDay 9 Chatbot Personalization and Customization Project 4 Add Personalization Features to the ChatbotDay 10 Future Trends and Advancements in Chatbot Technology Hands-on Experience Each day includes practical projects to reinforce your learningDont miss this opportunity to acquire in-demand skills and unlock the potential of AI chatbot development Enroll now and become an AI chatbot creator,Coming Soon
Python Playground: Create a Hangman Game,20,8,1,160,Python Playground  Create a Hangman Game is an exciting and engaging course designed specifically for kids who are interested in learning how to code in Python In this course students will learn the basics of Python programming including variables loops conditional statements and functionsThe main focus of the course is to teach students how to create a fully functional Hangman game using Python The Hangman game is a classic word-guessing game that challenges players to guess a word by guessing individual lettersThroughout the course students will learn how to use Python to create a game board generate random words for the game and prompt the user for input They will also learn how to create graphics and animations for the game using Python librariesThe course is designed to be interactive and hands-on allowing students to practice their coding skills by building and testing their Hangman game in real-time By the end of the course students will have a fully functional Hangman game that they can share with their friends and familyThis course is perfect for kids who have little to no experience with Python and are looking to develop their coding skills in a fun and engaging way With its interactive and project-based approach Python Playground 102 Create a Hangman Game is sure to spark creativity and curiosity in any aspiring young coder,Coming Soon
Scratch Playground: Create a Maze Game!,20,8,1,160,Scratch Playground  Create a Maze Game is a beginner-level course designed to introduce kids to the world of coding and Scratch programming In this course kids will learn how to create a fun and interactive maze game using the Scratch programming languageThe course is designed to be engaging and interactive with lots of hands-on activities and real-world examples Kids will learn how to use various programming concepts such as eventsconditionals loops and variables to create a game that challenges the players problem-solving skillsThe course begins with an introduction to Scratch programming language including an overview of the Scratch interface and creating basic projects Then the course will guide the students through designing the maze game including creating the maze adding obstacles and goals and designing the user interfaceThroughout the course students will have access to a community of learners where they can ask questions share their experiences and get feedback on their work They will also have access to a range of learning resources including video tutorials quizzes and interactive exercises to help them apply the concepts they have learnedBy the end of the course students will have developed a fully functional maze game that they can share with their friends and family They will have gained key programming skillsincluding problem-solving logical thinking and creativity that they can apply to other programming projects Overall this course is an excellent way for kids to explore the world of coding and develop valuable skills that will benefit them throughout their lives,Coming Soon
Artificial Intelligence Essentials: Summer Bootcamp,13,5,1,65,Join us for this engaging 5-day summer bootcamp where we will explore the fascinating world of Artificial Intelligence Youll learn what AI is its various applications ethical implications and envision its future No technical background is required - just bring your curiosity,Coming Soon
"Time Mastery Camp: AI for Jobs, Business, Careers",25,11,1,275,The AI for Productivity and Time Management course Day 1 Introduction to AI and its Applications in Productivity Discover the impact of AI on productivity explore industry applications and identify personal AI opportunities Day 2 Time Management Fundamentals ⏰Learn time management principles analyze challenges set goals and prioritize tasks effectivelyDay 3 Data Collection and Analysis Master strategies for organizing personal data leverage AI for data-driven decision-making and improve productivityDay 4 AI-Powered Task and Project Management Explore AI-based tools for task and project management automate repetitive tasks and boost efficiencyDay 5 Personalized AI Assistants Create customized AI assistants for scheduling reminders and task management to enhance productivityDay 6 Cognitive Automation and Machine Learning Unleash the power of cognitive automation and machine learning algorithms to optimize task completionDay 7 AI for Decision-Making Apply AI algorithms for informed decision-making enhance problem-solving skills and gain a competitive edgeDay 8 AI-Driven Time Tracking and Analysis ⏱️Utilize AI for time tracking identify time-wasting activities and generate insights for enhanced efficiencyDay 9 AI for Personalized Learning and Skill Development Harness AI for personalized learning paths skill development and customized productivity experiencesDay 10 Ethical Considerations in AI for Productivity ️Understand ethical implications mitigate bias and ensure data privacy and security in AI applicationsDay 11 Final Project and Capstone Presentation Apply acquired skills to a personal project showcase outcomes and reflect on future AI applicationsJoin now and embrace the future of productivity So why to wait now Get yourself enrolled for the course and get a pro boost for your career and business life,Coming Soon
Build Your Own Theme Park in Roblox,20,8,1,160,Roblox Studio fundamentals are taught through fun and interactive projects Lectures projects hands-on activities and homework assignments will be used to teach and learn Because this is a beginner-level course no coding experience or knowledge is required The students can interact with the Instructor during the class any number of times However one extra session of up to  30 minutes can be scheduled with the Instructor to clarify any doubt Session wise details are mentioned belowSession 1 Introduction to Roblox Studio and Obstacle Course Design Session 2 Developing Your Obstacle Course Layout and Flow Session 3 Creating Obstacles and Challenges Session 4 Adding Power-Ups and Boosts Session 5 Building Custom Scenery and Decorations Session 6 Adding Narrative and Storytelling Elements Session 7 Testing and Improving Your Obstacle Course Session 8 Finalizing and Publishing Your Obstacle Course,Coming Soon
Java Coding Summer Camp for Young Minds,12,5,1,60,Java Journey Coding Camp for Curious Minds is a fun-filled 5-day adventure into the world of programming Kids will explore the fundamentals of Java solve exciting coding challenges and design their own game or app This camp blends education and entertainment nurturing both technical skills and a growth mindset Sign up today for an unforgettable coding journey,Coming Soon
AI Camp for Entrepreneurs: Build Business Success,25,7,1,175,Welcome to the world of AI in entrepreneurship  In this course we will embark on a thrilling journey that merges the innovative spirit of entrepreneurship with the transformative power of artificial intelligence  Get ready to explore how AI can revolutionize businesses open up new avenues for success and empower entrepreneurs to stay ahead of the curve Day 1  Introduction to AI in Entrepreneurship Explore the potential of AI in entrepreneurship and discover opportunities for implementationDay 2  AI Fundamentals for Entrepreneurs Gain a solid understanding of AI concepts techniques and toolsDay 3  Data Acquisition and Preparation for AI Learn strategies to collect and clean data for AI modelsProject 1  Identify and Collect Data for an AI-driven Entrepreneurial ProjectDay 4  Machine Learning for Decision Making Apply machine learning algorithms to solve entrepreneurial problemsProject 2  Develop a Predictive Model for Business Decision MakingDay 5  AI-powered Marketing and Customer Insights Leverage AI for targeted marketing and customer behavior analysisDay 6 ⚙️ AI-driven Process Automation and Optimization Automate tasks and optimize processes using AIProject 3  Design an AI-driven Process Automation Solution for Entrepreneurial WorkflowDay 7  Ethical and Legal Considerations in AI Entrepreneurship Explore ethical challenges and legal frameworks in AI entrepreneurshipAre you ready to future-proof your entrepreneurial journey  Join our AI in Entrepreneurship course designed specifically for adults like you and unlock the transformative potential of artificial intelligence in the business world   With hands-on projects and practical insights youll acquire the essential knowledge and skills to harness AIs power and stay ahead in todays dynamic market Embrace innovation elevate your entrepreneurial game and pave the way for sustainable success in the digital age  Dont miss this opportunity to transform your business mindset and thrive in the AI-driven future Enroll now and take your entrepreneurship journey to new heights,Coming Soon
ChatGPT Boot Camp: Basics & Best Uses,12,5,1,60,Join us for an exciting journey into the world of AI chatbots with this 5-day bootcamp Youll learn to build and customize your own chatbots using ChatGPT one of the most powerful conversational AI models No prior coding experience is needed come ready to learn and create,Coming Soon
Create-A-Bot: A Project-Based Robotics Exploration,13,5,1,65,Ignite your childs tech curiosity with our RoboRacers camp Over five days campers will delve into robotics and Python constructing and programming their own line-following robot This engaging journey culminates in a showcase of their robotic creations Join us and let your child race into the world of robotics,Coming Soon
Java & Proramming,20,8,1,160, Project outline for JAVA PROJECT BASED BOOTCAMP1 Introduction to Java and Programming Basics2Introduction to object-oriented programming 3 Working With Java Collection4- Exception Handling and File IO5 Multithreading and Concurrency6- Java Database Connectivity JDBC 7  Web Development with Java,Coming Soon
Chatbot Creators: Design a ChatGPT-like AI,13,7,1,91,Join us on a 7-day bootcamp to step into the world of AI and create your own chatbot like ChatGPT Youll learn the basics of AI engage with Python programming and get hands-on experience with chatbot creation No prior coding experience is required,Coming Soon
Web Development from scratch,30,6,1,180,Unlock the boundless potential of web development with our Web Development Essentials course Whether youre a beginner looking to create your first website or an enthusiast eager to refine your skills this comprehensive journey is tailored just for you Learn the building blocks of the web HTML and CSS infuse life into your pages with JavaScript conquer responsive design and master essential tools like Git and command-line usage As you embark on this transformative learning experience youll gain the knowledge and confidence needed to craft stunning interactive web content Dont let the digital world pass you by – enroll now and lets build the future of the web together Your journey begins hereEnroll TodayTake your first step towards becoming a proficient web developer Enroll now to secure your spot in the Web Development Essentials course Join a community of learners unlock the secrets of web development and embark on a path to creating web experiences that captivate and inspire Dont wait your future in web development starts with a single click Join us today,Coming Soon
Summer Camp: Introduction to Python,11,7,1,77,Step into our 7-day Python Project Playground camp where coding meets creativity Kids will explore Python building a budget planner a text-based game and a weather dashboard This engaging camp fosters tech skills and problem-solving Join us and fuel your childs coding journey today,Coming Soon
"Summer Bootcamp with JavaScript: Real Projects, Real Results",12,5,1,60,In this 5-day camp youll dive headfirst into JavaScript one of the worlds most popular programming languages Youll learn by doing creating new projects every day while picking up foundational coding concepts By the end of the week youll have a collection of JavaScript projects that youve built from scratch No prior experience is needed,Coming Soon
AI Secrets Revealed: Master Productivity Hacks That Will Blow Your Mind! (For Kids),22,11,1,242,Boost your productivity with AI Join our AI for Productivity and Time Management course and learn how to leverage artificial intelligence tools and techniques to enhance productivity and become a time management pro  Course OutlineDay 1  Introduction to AI and its Applications in ProductivityIn the first module youll be introduced to the field of AI and its potential applications in enhancing personal and professional productivityDay 2  Time Management FundamentalsThis module covers the core principles of effective time managementDay 3  Data Collection and AnalysisHere youll learn how AI can help collect and analyze data related to your productivity Day 4  AI-Powered Task and Project ManagementThis module will focus on how AI can be used to enhance task and project management Day 5  Personalized AI AssistantsAI assistants can automate various tasks and help manage your scheduleDay 6  Cognitive Automation and Machine LearningThis module will delve into the field of cognitive automation where AI is used to automate cognitive tasks that usually require human intelligenceDay 7  AI for Decision-MakingYoull learn how AI can support decision-making processes helping you make more informed and efficient decisions thus saving time and improving productivityDay 8  AI-Driven Time Tracking and Analysisyoull learn about AI-driven tools that can track and analyze how you spend your timeDay 9  AI for Personalized Learning and Skill DevelopmentThis session will show you how AI can tailor learning to your needs and preferences helping you develop skills more effectively and efficientlyDay 10  Ethical Considerations in AI for ProductivityAs you start using AI more frequently its important to understand the ethical considerationsDay 11   Final Project and Capstone PresentationThe course culminates with a final project where youll apply everything youve learned to a real-world scenarioBy the end of this practical project-based course youll have the skills to apply AI solutions to real-world scenarios optimize your workflow and maximize your productivityDont miss out on this opportunity to unlock your full potential Enroll now and let AI transform the way you work,Coming Soon
AI Disruption: Top Entrepreneurs Harnessing AI for Unprecedented Success! (For Kids),22,7,1,154,Understand the role and potential of AI in entrepreneurship learn the fundamentals explore data acquisition and preparation techniques discover machine learning for decision making delve into AI-powered marketing and customer insights master AI-driven process automation and optimization and address ethical and legal considerations in AI entrepreneurship Join our exclusive course to become an AI-driven entrepreneur 7-day course  Beginner to Intermediate levelDay 1  Introduction to AI in Entrepreneurship   Explore AIs potential and success stories   Identify AI opportunities for venturesDay 2  AI Fundamentals for Entrepreneurs   Learn AI concepts and toolsDay 3  Data Acquisition and Preparation for AI   Master data collection and preprocessingDay 4  Machine Learning for Decision Making   Apply ML algorithms for business insightsDay 5  AI-powered Marketing and Customer Insights   Leverage AI for customer segmentationDay 6  AI-driven Process Automation and Optimization   Automate tasks and improve efficiencyDay 7  Ethical and Legal Considerations in AI Entrepreneurship   Address AI ethics and complianceThis course is an opportunity to understand the fundamental tenets of becoming an AI-driven entrepreneur Whether youre a seasoned entrepreneur looking to leverage the power of AI in your business or a budding entrepreneur ready to dive into the world of AI this course will provide the knowledge and skills you need to navigate the AI landscapeUnlock your potential lead the change and shape the future with AI Enroll now to become an AI-driven entrepreneur,Coming Soon
The AI Writer's Masterclass: Innovation and Inspiration in Creative Writing! (For Kids),22,10,1,220,Enhance your creative writing skills with AI Join our 10-day course and explore AIs role in writing Dive into AI technologies for generating ideas developing characters and plots and improving your style By the end youll master AIs power to inspire your creative writingJoin us on a 10-day journey where youll discover the fascinating intersection of AI and the art of writing Each day brings new insights and practical techniques to elevate your creative process with the aid of cutting-edge AI technologiesDay 1 Introduction to Creative Writing with AIDive into the world of AI-assisted writing understanding its role and the array of technologies employed Unleash your imagination with newfound possibilitiesDay 2 Generating Story Ideas with AIOvercome writers block and tap into AI-powered tools to ignite your creativity Discover innovative techniques for brainstorming and idea generationDay 3 AI-Generated Character DevelopmentEmbark on a quest to create captivating characters using AI models and profiling tools Craft unique personalities that leap off the pageDay 4 AI-Enhanced Plot DevelopmentLet AI algorithms be your guide to crafting compelling plots and structuring your stories Blend the ingenuity of AI with your own creative visionDay 5 AI-Powered Writing AssistanceRefine your writing style with AI-based tools From grammar suggestions to enhancing readability leverage AI to polish your proseDay 6 Automated Editing and ProofreadingHarness the power of AI for automated editing and proofreading Learn the best practices and understand the limitations of AI-based editing toolsDay 7 Ethical Considerations in AI and WritingEngage in thought-provoking discussions on the ethical implications of AI in creative writing Appreciate the invaluable role of human creativity in storytellingDay 8 Collaborative Writing with AIExplore exciting AI-driven co-authoring tools and techniques Unleash the potential of collaboration with AI models to create captivating stories togetherDay 9 AI-Generated Dialogue and Language StyleImmerse yourself in the realm of AI algorithms generating realistic dialogue and diverse writing styles Witness how AI enhances your narrative voiceDay 10 The Future of AI and Creative WritingDiscover emerging AI technologies shaping the future of creative writing Reflect on the profound impact AI has on the writing industry,Coming Soon
Web Development Pro: Intermediate Level,30,8,1,240,Ready to unlock the full potential of web development Join our Intermediate Web Development Mastery course and embark on a transformative journey Learn advanced HTML CSS and JavaScript delve into front-end frameworks like React and Vuejs explore the world of back-end development with Nodejs Python and more and gain mastery over databases and data management But thats not all Discover the art of building APIs and fortify your web applications against common security vulnerabilities Learn to deploy your creations to the web and implement automated testing and deployment workflows with CICD Enroll now to secure your spot in this comprehensive course Take the next step in your web development journey and empower yourself with the skills and knowledge needed to create dynamic secure and scalable web applications Your future as a proficient web developer awaits – join us today and make it a reality,Coming Soon
Scratch Playground: Create a Scroller Game!,20,8,1,160,Scratch Playground  Create a Scroller Game is an intermediate level course designed to teach kids the fundamentals of programming by creating a classic side-scrolling game This course will help students build upon their Scratch programming skills develop their creativity and problem-solving skills and create a game that they can share with their friendsThroughout the course students will learn how to create a Scroller game using Scratch programming language They will learn how to design the game interface animate the characters movement add obstacles and enemies and create a scoring system The course is designed to be interactive and hands-on allowing students to learn through building and testing their game at each stageThe course will cover key programming concepts such as events loops conditionals and variables and apply them to game development The course will start with an introduction to Scratch programming and an overview of the Scratch interface Then students will learn how to design the games graphics and create animationsLater in the course students will learn how to program the characters movement add obstacles and enemies and create a scoring system The course will also cover advanced topics such as adding power-ups and creating a boss battleBy the end of the course students will have developed a fully functional Scroller game that they can share with their friends and family They will have gained valuable programming skills such as problem-solving critical thinking and logical reasoning which will help them to be successful in their future programming endeavorsScratch Playground 104 Create a Scroller Game is a perfect course for kids who are interested in game development and have some experience with Scratch programming Its a great opportunity for kids to improve their Scratch skills enhance their creativity and create a game they can be proud of,Coming Soon
AI Pro: Creative Writing Camp for Adults,25,10,1,250, Welcome to Creative Writing with AI for ADULTS Unleash your creativity with cutting-edge AI technology in this transformative course Explore AI-generated ideas character development plot enhancement and collaborative writing Discover the ethical considerations and future possibilities of AI in writing Join us and redefine storytelling  Enroll now Day 1 Introduction to Creative Writing with AI Unleash the power of AI in your writing journey Discover how AI technology can enhance your creative process and open new avenues for expression  Day 2 Generating Story Ideas with AI Break free from writers block Harness the potential of AI-powered tools to ignite your imagination and explore innovative story ideas  Day 3 AI-Generated Character Development Bring your characters to life with AI Dive into the realm of AI models and character profiling tools to create captivating and authentic personalities  Day 4 AI-Enhanced Plot Development Take your plots to new heights Learn how to leverage AI algorithms to craft engaging story arcs and seamlessly blend AI-generated plots with your creative touch ✍️ Day 5 AI-Powered Writing Assistance Elevate your writing game with AI Explore advanced writing tools that provide grammar style and language suggestions to enhance the impact of your words  Day 6 Automated Editing and Proofreading Leave no errors behind Discover the power of AI-driven editing and proofreading tools revolutionizing the way you polish your work to perfection  Day 7 Ethical Considerations in AI and Writing Navigate the intersection of AI and ethics Explore the impact of AI in creative writing and ponder the importance of preserving human creativity in storytelling  Day 8 Collaborative Writing with AI Unleash the potential of AI collaboration Discover AI-driven co-authoring tools and techniques that foster creative synergy opening doors to extraordinary storytelling partnerships  Day 9 AI-Generated Dialogue and Language Style Infuse authenticity into your words Explore AI algorithms that generate realistic dialogue and diverse language styles to make your characters come alive  Day 10 The Future of AI and Creative Writing Embark on a journey to the writing frontier Delve into emerging AI technologies shaping the creative writing landscape and envision the exciting possibilities that lie ahead Unleash your creativity with AI in writing and unlock boundless possibilities for growth and expression Join us on this transformative journey where technology meets imagination Enroll now ,Coming Soon
Python Playground: Create Your Own Snake Game,20,8,1,160,Through this course participants will learn the fundamentals of Python programming language as well as game development concepts such as game mechanics object-oriented programming and user input Students will also learn how to use Pygame a Python module that is specifically designed for game development to create a fully functional snake game from scratchThroughout the course students will be guided through the development process learning how to write code to implement game mechanics such as moving the snake detecting collisions with walls and food and keeping score They will also learn how to add features to the game such as sound effects and high score trackingBy the end of the course participants will have a fully functional snake game that they can share with others or continue to develop and enhance Additionally students will have gained valuable programming and game development skills that they can apply to future projectsWhether youre a complete beginner or an experienced programmer Python Playground Create Your Own Snake Game is a fun and engaging way to learn Python and game development With the satisfaction of creating a fully functional game participants will be motivated to continue learning and exploring the world of Python programming,Coming Soon
Python Playground: Create a Tic Tac Toe Game,20,8,1,160,An interactive and hands-on tutorial designed to help learners build their programming skills while creating a fun and classic game In this tutorial learners will use Python programming language to create a Tic Tac Toe game from scratch learning key programming concepts and techniques along the wayThe tutorial is suitable for anyone who has basic familiarity with Python programming and wants to deepen their understanding of the language through a practical project With step-by-step instructions and real-time coding exercises learners will learn how to use loops conditionals and functions to create a game that can be played by two playersBy the end of the tutorial learners will have a fully functional Tic Tac Toe game that they can play and share with others They will also have gained confidence in their programming abilities and a solid understanding of how to apply key programming concepts to real-world projectsThis will be a great way for learners to have fun while learning to code and to gain the skills they need to tackle more advanced programming challenges in the future,Coming Soon
Build your own Calculator using Python Bootcamp for kids,20,8,1,160,This bootcamp is a fun and engaging program designed to introduce children to the basics of programming using the Python language In this bootcamp children will learn how to create their own calculator using Python starting with simple arithmetic operations and progressing to more complex calculationsThe bootcamp will cover key concepts such as variables operators and functions all of which are essential to programming Through hands-on exercises and interactive activities children will have the opportunity to apply what they learn and develop their programming skills At the end of the bootcamp children will have a fully functional calculator that they can use to perform calculations in Python They will also have a solid foundation in programming and be well on their way to becoming proficient in this valuable skill This bootcamp is ideal for children who are interested in computer science mathematics or just looking for a fun and challenging activity to engage their minds,Coming Soon
Scratch Playground: Create a Flappy Bird Game!,20,8,1,160,Scratch Playground 103 Create a Flappy Bird is a beginner to intermediate level course designed to teach kids the fundamentals of programming by creating a simple but engaging game This course will help students build upon their Scratch programming skills develop their creativity and problem-solving skills and create an exciting game that they can share with their friendsThroughout the course students will learn how to create a Flappy Bird game using Scratch programming language They will learn how to design the game interface animate the birds movement add obstacles and create a scoring system The course is designed to be interactive and hands-on allowing students to learn through building and testing their game at each stageThe course will cover key programming concepts such as events loops conditionals and variables and apply them to game development The course will start with an introduction to Scratch programming and an overview of the Scratch interface Then students will learn how to design the games graphics and create animationsLater in the course students will learn how to program the birds movement add obstacles and hazards and create a scoring system The course will also cover advanced topics such as adding sound effects and creating a game over screenBy the end of the course students will have developed a fully functional Flappy Bird game that they can share with their friends and family They will have gained valuable programming skills such as problem-solving critical thinking and logical reasoning which will help them to be successful in their future programming endeavors,Coming Soon
"HTML, CSS, JavaScript: 7-Day Summer Bootcamp",12,7,1,84,Jump into the vibrant world of coding with our engaging 7-day summer camp Starting from scratch youll learn to build beautify and animate webpages using HTML CSS and JavaScript With daily hands-on projects and a grand finale presentation youll walk away with a portfolio piece and newfound skills No prior experience needed - join us for a week of fun creativity and learning,Coming Soon
Hands-on Java: Project-based Learning for Coding Novices,11,7,1,77,Embark on a coding adventure with our Code Create Conquer Java camp In just 7 days kids will learn Java basics while building exciting projects like a calculator a text-based game and a library system Join us for a unique blend of fun and learning and help your child conquer the coding world,Coming Soon
Python Playground: Create a Memory Game,20,8,1,160,Python Playground Create a Memory Game is a beginner-level course designed for kids who are interested in learning how to code and have some prior knowledge of Python basicsIn this course kids will learn how to create a fun and interactive memory game using Python programming language They will learn how to use various programming concepts like loops conditional statements functions and arrays to create a game that challenges the players memory skillsThe course will start with an introduction to Python programming language including data types variables and basic programming concepts Then the course will introduce the game development process and guide the students through designing the games interface and developing the games core logicThroughout the course students will work with real-world examples and practical exercises that help them apply the concepts they have learned They will also have access to a community of learners where they can ask questions share their experiences and get feedback on their workBy the end of the course students will have developed a fully functional memory game that they can share with their friends and family They will have learned key programming concepts and developed problem-solving skills that they can apply to other programming projects Overall this course is a great way for kids to explore the world of coding and learn a valuable skill that they can use in the futurePython Playground Create a Memory Game is a beginner-level course designed for kids who are interested in learning how to code and have some prior knowledge of Python basicsIn this course kids will learn how to create a fun and interactive memory game using Python programming language They will learn how to use various programming concepts like loops conditional statements functions and arrays to create a game that challenges the players memory skillsThe course will start with an introduction to Python programming language including data types variables and basic programming concepts Then the course will introduce the game development process and guide the students through designing the games interface and developing the games core logicThroughout the course students will work with real-world examples and practical exercises that help them apply the concepts they have learned They will also have access to a community of learners where they can ask questions share their experiences and get feedback on their workBy the end of the course students will have developed a fully functional memory game that they can share with their friends and family They will have learned key programming concepts and developed problem-solving skills that they can apply to other programming projects Overall this course is a great way for kids to explore the world of coding and learn a valuable skill that they can use in the future,Coming Soon
Summer Bootcamp: 5-Day Scratch Programming for Beginners,12,5,1,60,Embark on an exciting coding adventure with our 5-day Scratch Programming camp Designed for beginners youll learn to animate create games and tell stories on Scratch a kid-friendly coding platform By learning through doing Create your very own projects all while having tons of fun No prior coding experience is necessary,Coming Soon
5-Day Summer Camp: Python for Beginners,12,5,1,60,Dive into coding with our 5-day Python Playground camp Kids will explore Python a popular language in tech learning about syntax control flow data structures and functions Theyll cap off the week by building their own application Ignite your childs coding passion - enroll today,Coming Soon
Build a Text analyzer using Python Bootcamp for kids,20,8,1,160,The Build a Text Analyzer using Python Bootcamp for Kids is an educational program designed to introduce young learners to the basics of programming and natural language processing using the Python programming language In this bootcamp kids will learn how to write Python code to analyze and manipulate textual data The bootcamp will cover the fundamental concepts of Python programming including data types variables operators control structures functions and file handling Kids will also learn about regular expressions which are used to search and manipulate text Throughout the bootcamp kids will work on a project to build a text analyzer using Python They will learn how to read in text data process it and extract useful information They will also learn how to perform sentiment analysis on the text which involves determining the emotional tone of the text At the end of the bootcamp kids will have a solid foundation in Python programming and natural language processing They will have developed the skills to build their own text analyzers and explore the exciting field of natural language processing,Coming Soon
Scratch Playground : Create a Platformer Game!,20,8,1,160,Scratch Playground  Create a Platformer Game is an intermediate level course designed to teach kids the fundamentals of programming by creating a classic side-scrolling game This course will help students build upon their Scratch programming skills develop their creativity and problem-solving skills and create a game that they can share with their friendsThroughout the course students will learn how to create a Platformer game using Scratch programming language They will learn how to design the game interface animate the characters movement add obstacles and enemies and create a scoring system The course is designed to be interactive and hands-on allowing students to learn through building and testing their game at each stageThe course will cover key programming concepts such as events loops conditionals and variables and apply them to game development The course will start with an introduction to Scratch programming and an overview of the Scratch interface Then students will learn how to design the games graphics and create animationsLater in the course students will learn how to program the characters movement add obstacles and enemies and create a scoring system The course will also cover advanced topics such as adding power-ups and creating a boss battleBy the end of the course students will have developed a fully functional Platformer game that they can share with their friends and family They will have gained valuable programming skills such as problem-solving critical thinking and logical reasoning which will help them to be successful in their future programming endeavorsScratch Playground  Create a Platformer Game is a perfect course for kids who are interested in game development and have some experience with Scratch programming Its a great opportunity for kids to improve their Scratch skills enhance their creativity and create a game they can be proud of,Coming Soon
Introduction to Artificial Intelligence!,30,5,1,150,Welcome to the Introduction to Artificial Intelligence and Python course This course is designed to provide you with a comprehensive introduction to the fascinating world of Artificial Intelligence AI and equip you with the necessary skills knowledge and resources to get started on your journey into AI development Whether you are a beginner or have some prior experience in programming this course will guide you through the foundational concepts and practices of AIBy the end of this course you will- Have a solid understanding of AI concepts its history and applications- Be proficient in Python programming a crucial language for AI development- Possess a strong foundation in relevant mathematics required for AI- Understand the basics of machine learning including algorithms and evaluation methods- Be skilled in data preprocessing and visualization vital for AI projectsPrepare to embark on an exciting journey into the world of Artificial Intelligence Whether you aim to apply AI to solve real-world problems or are simply curious about this rapidly evolving field this course will provide you with the knowledge and skills you need to begin your AI journey Lets dive in and explore the limitless possibilities of AI,Coming Soon
"Python Playground: Create a Rock, Paper, Scissors Game",20,8,1,160,This is an engaging course designed for kids who are interested in learning programming with Python In this course kids will learn the basics of Python programming by creating a fun and interactive game Rock Paper ScissorsThe course begins by introducing the fundamentals of Python including variables data types and control structures Students will learn how to write Python code read it and debug errors They will then dive deeper into Python programming by exploring conditional statements and loopsOnce the basics are covered the course will guide students through the creation of a fully functional Rock Paper Scissors game They will learn how to code the logic of the game including how to accept input from the user and generate a random choice for the computer The course will also cover how to handle different outcomes of the game such as ties or winning scenariosThe course is designed to be interactive with hands-on exercises and quizzes that help students reinforce their learning By the end of the course students will have a fully functional Rock Paper Scissors game that they can play and share with their friends and familyOur course will be structured into eight classes each one building on the previous one Well start by introducing Pygame and explaining how to create a window to display the game Well then move on to drawing the snake and adding food to the game as well as learning how to detect collisions and handle game over scenariosOverall Python Playground 104 Create a Rock Paper Scissors Game is a great way for kids to learn the fundamentals of programming and get started with Python while creating a fun game that they can enjoy Its an engaging and effective way to learn and it will provide students with valuable skills that they can apply in many different areas of their lives,Coming Soon
AI in Stock Market Success: Career Growth Camp !!,25,10,1,250,Are you ready to unlock the secrets of predicting stock prices using AI  Join our immersive course designed for adults and embark on a thrilling journey into the world of stock price prediction Gain the essential knowledge and skills to harness the power of AI and machine learning and make informed investment decisions   From building linear regression models to implementing advanced techniques like LSTM and CNN networks youll master a wide range of predictive models tailored specifically for stock price forecasting Day 1  Introduction to Stock Price Prediction Understand the importance of AI and machine learning in predicting stock pricesDay 2  Data Collection and Preprocessing Learn how to gather and clean historical stock market dataDay 3  Exploratory Data Analysis Identify trends and patterns in stock market data using statistical techniques and visualizationDay 4  Linear Regression Models Build and evaluate linear regression models for stock price predictionProject 1  Build a Linear Regression Model for Stock Price PredictionDay 5 ⏰ Time Series Analysis Analyze time series data and detect seasonalityDay 6  ARIMA and SARIMA Models Implement ARIMA and SARIMA models for stock price predictionProject 2 ⏰ Implement ARIMASARIMA Models for Stock Price PredictionDay 7  LSTM Networks Build and train LSTM models for stock price predictionDay 8  CNNs for Stock Price Prediction Explore CNN models for predicting stock pricesProject 3  Develop an LSTM or CNN Model for Stock Price PredictionDay 9  Ensemble Methods and Model Stacking Learn how to leverage ensemble learning techniques for improved predictionsDay 10  Model Evaluation and Deployment Evaluate model performance and deploy stock price prediction models in real-world scenariosProject 4  Deploy a Stock Price Prediction ModelJoin our adult course and unlock the power of AI in stock price prediction  With hands-on projects and real-world applications youll learn how to deploy your models and make accurate predictions with confidence Join us now and become a savvy investor with the ability to navigate the complex world of stock market dynamics ,Coming Soon
From Beginner to AI Pro: Kickstart Your Journey With Artificial Intelligence! (For Kids),22,20,1,440,Dive into the world of AI  Join our Introduction to Artificial Intelligence course and unlock the power of AI From machine learning to robotics gain the skills to design intelligent systems No prior experience required Enroll today and shape the future with Artificial Intelligence Day 1 Introduction to AI Learn what AI is and explore its fascinating history from its origins to cutting-edge advancementsDay 2 Applications of AIDiscover how AI is transforming industries like healthcare finance and transportation and explore real-world applications Day 3 Python Programming for AI Master the basics of Python programming including syntax data types and control flow Day 4 Machine Learning Essentials Dive into machine learning and understand the different types of learning algorithms like supervised unsupervised and reinforcement learning Day 5 Hands-on Project - Clustering with K-Means Algorithm Apply the K-Means algorithm to group data into clusters and visualize the results Day 6 Neural Networks and Deep Learning Explore neural network architecture activation functions and loss functions and learn how to build deep learning models Day 7 Hands-on Project - Building a Neural Network for Image Recognition Construct a neural network using TensorFlow or PyTorch and train it to recognize images Day 8 Evaluation and Model Selection Understand evaluation metrics and techniques for selecting the best machine learning model for a given task Day 9 Decision Trees and Random Forests Learn about decision trees and random forests powerful algorithms for classification and regression tasks Day 10 Reinforcement Learning and Computer Vision Discover the principles of reinforcement learning and its applications in game playing and robotics Get an introduction to computer vision techniques Day 11 Project - Analyzing Customer Churn with Logistic Regression Use logistic regression to analyze customer churn and interpret the impact of different features Day 12 Advanced AI Topics Delve into Q-Learning policy gradients and actor-critic methods and explore their applications in game playing and robotics Day 13 Industry Applications and Future Directions Explore how AI is being applied in industries like healthcare and finance and discuss the latest AI trends and future directions Day 14 Careers in AI and Final Project Discover various career opportunities in AI and work on a comprehensive AI project to apply your knowledge Day 15 Image Processing and Object Detection Learn techniques for image preprocessing feature extraction object detection and image segmentation Day 16 Privacy Security and Responsible AI Discuss the impact of AI on privacy and security and explore responsible AI deployment and regulation Day 17 Hands-on Coding and AI Frameworks Engage in coding exercises using Python and popular AI frameworks like TensorFlow and PyTorch Day 18 Image Classification Ethics and Bias Explore image classification image generation and the importance of ethics and addressing biases in AI modelsDay 19 Hands-on Project - Image Generation with GANs Implement a Generative Adversarial Network GAN to generate realistic images in a specific domain Day 20 Deployment of AI Models Learn about strategies for deploying AI models in real-world applications focusing on scalability and integration,Coming Soon
Game development using python,30,4,1,120,Welcome to the Introduction to Python Game Development course In this course youll embark on a journey to learn the fundamentals of game development using the Python programming language Whether youre a complete beginner to both Python and game development or have some prior experience this course will provide you with the essential knowledge and resources to get started in the exciting world of game developmentBy the end of this course you will- Have a strong understanding of Python programming fundamentals- Grasp core game development concepts such as game loops and rendering- Be proficient in using the Pygame library to create 2D games- Complete your first game project gaining hands-on experience in game developmentGet ready to embark on an exciting journey into the world of Python game development Whether youre looking to create games for fun or aspire to pursue a career in game development this course will equip you with the essential skills to get started Lets dive in and bring your game ideas to life,Coming Soon
Build a Image manipulator using Python Bootcamp for kids,20,8,1,160,The Build a Image Manipulator using Python Bootcamp for Kids is a program designed to introduce children to the world of computer programming and image manipulation using the Python programming language In this bootcamp children will learn how to use Python to read manipulate and save images The bootcamp will cover the following topics Basic programming concepts in Python such as variables data types conditional statements loops and functions Introduction to image manipulation concepts such as color models pixel manipulation image filtering and transformation Using Python libraries such as Pillow NumPy and OpenCV for image manipulation Creating basic image filters and transformations using Python Building a simple image manipulator tool using Python that allows users to apply various filters and transformations to their images By the end of the bootcamp children will have a good understanding of Python programming and image manipulation concepts They will also have a functioning image manipulator tool that they can use to enhance their images The bootcamp will be conducted in a fun and interactive manner with plenty of hands-on exercises and projects to keep children engaged and motivated,Coming Soon
Build a Weather app using Python Bootcamp for kids,20,8,1,160,Build a Weather App using Python Bootcamp for Kids is an educational program designed to introduce young learners to the basics of programming and data handling using the Python programming language Through this bootcamp kids will learn how to use Python to create a simple weather app that can display the current weather conditions for any location in the world The program will cover the fundamental concepts of programming such as variables data types conditional statements loops and functions Participants will also learn how to use Python libraries such as requests JSON and Tkinter to retrieve weather data from an API parse it and display it in a user-friendly graphical interface The bootcamp will be conducted in a hands-on interactive manner with live coding sessions practical exercises and quizzes to reinforce learning By the end of the bootcamp kids will have gained a basic understanding of programming concepts as well as a working knowledge of Python and its applications in real-world scenarios,Coming Soon
Build Your Own Roblox Battle Arena,20,8,1,160,Roblox Studio fundamentals are taught through fun and interactive projects Lectures projects hands-on activities and homework assignments will be used to teach and learn Because this is a beginner-level course no coding experience or knowledge is required The students can interact with the Instructor during the class any number of times However one extra session of up to 30 minutes can be scheduled with the Instructor to clarify any doubt Session wise details are mentioned below Session 1 Introduction to Roblox Studio and Battle Arena Design  Session 2 Creating the Layout and Arena Features Session 3 Adding Weapons and Power-Ups Session 4 Developing a Points System and Scoring Session 5 Building Custom Characters and NPCs Session 6 Adding Special Abilities and Techniques Session 7 Testing and Improving Your Battle Arena Session 8 Finalizing and Publishing Your Battle Arena,Coming Soon
The Millionaire's AI Playbook: Learn How to Predict Stock Prices! (For Kids),22,10,1,220,Learn to predict stock prices using the incredible potential of AI and machine learning in our comprehensive course Gain hands-on experience in data analysis regression models time series analysis LSTM and CNN networks ensemble methods and model evaluation By course end youll possess the skills to develop accurate stock price prediction models for real-world success Join now and seize the opportunity to make informed investment decisionsDay 1 Introduction to Stock Price Prediction Day 2 Data Collection and Preprocessing Day 3 Exploratory Data Analysis Day 4 Linear Regression Models     Project 1 Build a Linear Regression Model for Stock Price PredictionDay 5 Time Series Analysis Day 6 ARIMA and SARIMA Models     Project 2 Implement ARIMASARIMA Models for Stock Price Prediction Day 7 Long Short-Term Memory LSTM Networks Day 8 Convolutional Neural Networks CNNs for Stock Price Prediction    Project 3 Develop an LSTM or CNN Model for Stock Price PredictionDay 9 Ensemble Methods and Model StackingDay 10 Model Evaluation and Deployment     Project 4 Deploy a Stock Price Prediction Model Throughout the course engage in hands-on learning through four exciting projects that reinforce your knowledge and skills in stock price predictionSo what are you waiting for enroll in this course right now to dive into the amazing world of AI,Coming Soon
Machine Learning: 7-Day Project-Based Summer Camp,11,7,1,77,Join our Machine Learning Mania camp for a 7-day tech adventure Kids will tackle machine learning using Python to predict house prices segment customers and explore neural networks An exciting introduction to this groundbreaking field awaits - enroll your young coder today,Coming Soon
AI Pro Camp: Career Growth Catalyst,25,20,1,500,Our Intro to AI for Adults course is designed to equip professionals with essential knowledge and practical skills in the field of Artificial Intelligence Whether youre starting a new career or seeking to enhance your existing skills this course offers a comprehensive exploration of AI concepts and their real-world applications Day 1 Introduction to AI Discover the captivating world of Artificial Intelligence Unveil the secrets of AI history and unleash your potential  Day 2 AI Applications Explore the transformative power of AI in industries like healthcare finance and transportation Witness its impact firsthand and unlock new possibilities  Day 3 Python Programming for AI Master the language of AI Dive into Python and conquer its syntax data types and control flow Build a solid foundation for your AI journey  Day 4 Essential Machine Learning Embark on a thrilling adventure into the realm of machine learning Unravel the secrets of supervised unsupervised and reinforcement learning  Day 5 Hands-on Project - Clustering with K-Means Algorithm Immerse yourself in practical AI Apply the K-Means algorithm to analyze and group data Uncover hidden patterns and make informed decisions  Day 6 Neural Networks and Deep Learning Unleash the power of neural networks Delve into their architecture and activation functions and unleash the true potential of deep learning  Day 7 Hands-on Project - Image Recognition Step into the world of visual intelligence Build a neural network that recognizes images with astounding accuracy Let AI see through your eyes  Day 8 Evaluation and Model Selection Master the art of model evaluation Discover the metrics and techniques to select the perfect AI model for any task Make data-driven decisions  Day 9 Decision Trees and Random Forests Unlock the power of decision-making Harness the potential of decision trees and random forests for precise classification and regression  Day 10 Reinforcement Learning and Computer Vision Experience AI in action Explore the world of reinforcement learning and computer vision Unveil the secrets behind game-playing and visual perception  Day 11 Project - Analyzing Customer Churn Crack the code of customer behavior Use logistic regression to analyze churn patterns and save businesses from losing valuable customers  Day 12 Advanced AI Topics Embark on an advanced AI expedition Journey through Q-Learning policy gradients and actor-critic methods Unleash the true potential of AI  Day 13 Industry Applications and Future Directions Explore the real-world impact of AI Witness its applications in industries like healthcare and finance Discover the trends shaping the future of AI  Day 14 Careers in AI and Final Project Transform your future with AI Explore rewarding career opportunities and showcase your skills through a comprehensive AI project Shape your destiny  Day 15 Image Processing and Object Detection Unveil the secrets of visual data Master image preprocessing feature extraction object detection and segmentationUnleash the power of AI vision  Day 16 Privacy Security and Responsible AI Navigate the ethical landscape of AI Understand privacy and security concerns Embrace responsible AI practices and shape a better future  Day 17 Hands-on Coding and AI Frameworks Get hands-on with coding exercises Master Python and popular AI frameworks like TensorFlow and PyTorch Empower yourself with practical AI skills  Day 18 Image Classification Ethics and Bias Uncover the truth behind images Dive into image classification generation and the ethical challenges of addressing biases Create AI that respects diversity  Day 19 Hands-on Project - Image Generation with GANs Become an AI artist Implement Generative Adversarial Networks GANs to generate stunning images Unleash your creativity and showcase your artistic AI  Day 20 Deployment of AI Models Transform ideas into reality Learn how to deploy AI models at scale Unleash the power of AI in the real world and drive business success Shape your future with AI Join our captivating course and unlock endless opportunities Enroll today and become a trailblazer in the world of Artificial Intelligence Through a dynamic blend of theory and hands-on projects youll gain a deep understanding of AI algorithms machine learning techniques and neural networks Youll also learn how to leverage popular AI frameworks and develop the ability to analyze data make informed decisions and solve complex problems using AI methodologies So enroll now,Coming Soon
Minecraft Java Programming for Beginners,20,7,1,140,Session-1 Introduction to Java programming and Minecraft Lesson 2 Getting Started in Creative Mode Lesson 3 Building Techniques in Creative Mode Lesson 4 Getting Started in Survival Mode Lesson 5 Crafting in Survival Mode Lesson 6 Combat and Monsters in Survival Mode  Lesson 7 Tips and Tricks for Minecraft,Coming Soon
Build a Chatbot using Python Bootcamp for kids,20,8,1,160,This bootcamp is a fun and interactive program designed to teach children how to create their own chatbot using the Python programming language In this bootcamp children will learn the basics of programming natural language processing and machine learningThe bootcamp will cover key concepts such as variables data types loops conditionals functions and APIs all of which are essential to programming Children will also learn how to use Python libraries such as NLTK and TensorFlow to develop their chatbot Throughout the bootcamp children will have the opportunity to work on hands-on exercises and interactive activities to reinforce their learning and apply what they have learned They will learn how to develop a chatbot that can understand and respond to natural language input providing a personalized and interactive experience for users At the end of the bootcamp children will have a fully functional chatbot that they can use to communicate with friends or family members They will also have a solid foundation in programming and be well on their way to becoming proficient in this valuable skill This bootcamp is ideal for children who are interested in computer science artificial intelligence or just looking for a fun and challenging activity to engage their minds,Coming Soon
Build a Password generator using Python Bootcamp for kids,20,8,1,160,Welcome to the Build a Password Generator using Python Bootcamp for Kids In this bootcamp you will learn how to create a Python program that generates strong and secure passwordsPasswords are an essential part of our digital lives and its important to make sure they are strong and unique to protect our personal information This program will help you generate random passwords that are difficult to guess or crack ensuring that your accounts and data are safe The bootcamp will cover the following topics Basic Python programming concepts such as variables functions and loops Generating random characters and numbers using Pythons built-in libraries Combining characters and numbers to create a random password Adding features to the program such as password length and complexity options Saving and storing generated passwords securely By the end of the bootcamp you will have a fully functional password generator program that you can use to generate secure passwords for yourself and others Youll also have a solid foundation in Python programming that you can build upon for future projects Lets get started and create a program that will help you keep your passwords safe and secure,Coming Soon
Scratch Playground: Create a Space Game!,20,8,1,160,Scratch Playground  Create a Space Game is an intermediate-level course designed to introduce kids to advanced Scratch programming concepts while creating an interactive space game This course will provide a fun and engaging learning experience that will help kids develop their coding skills and creativityThroughout the course students will learn how to create a space-themed game using Scratch programming language They will learn how to create the game interface animate the spaceship create and control enemies and add various obstacles and challengesThe course is designed to be interactive and hands-on allowing students to learn through building and testing their game at each stage The course will cover key programming concepts such as variables conditional statements loops and functions and apply them to game developmentThe course will begin with an introduction to Scratch programming language and an overview of the Scratch interface Then students will learn how to design the games graphics create animations and program the spaceships movementLater in the course students will learn how to add new characters to the game create a scoring system and program the games winlose conditions The course will also cover advanced topics such as sound effects and game physics,Coming Soon
Create Your Own Roblox Obstacle Course,20,8,1,160,Roblox enthusiasts who want to learn how to design and build their own custom obstacle courses within the game Through this course participants will gain a comprehensive understanding of the Roblox Studio a development tool that enables users to create their own games within the Roblox platformThroughout the course students will learn the fundamentals of game design and development including how to create game mechanics design and implement obstacles and code basic scripts to add interactivity to their course Students will also learn how to design and create a unique and engaging course that challenges players and keeps them coming back for moreBy the end of the course participants will have a fully functional custom obstacle course that they can share with other players and they will have developed valuable skills in game design and development that they can apply to future projects Whether youre an avid Roblox player looking to take your skills to the next level or a beginner just starting out this course is the perfect way to explore your creativity and learn new skills in a fun and engaging way,Coming Soon
Java Minecraft Creative or Survival Mode,20,7,1,140,1 Title Minecraft Java Programming for Beginners Overview This class is designed for complete beginners who want to learn Java programming through Minecraft Over the course of one week students will learn the basics of Java programming while creating Minecraft mods and plugins WEEK 1 Introduction to Java programming and Minecraft WEEK 2 Minecraft Modding ContinuedWEEK 3 Minecraft Plugin DevelopmentWEEK 4 Bukkit Plugin Development ContinuedWEEK 5 Advanced Topics in Minecraft Java Programming WEEK 6 Putting it All Together WEEK 7 Final Project Presentations and Review,Coming Soon
AI Camp for Jobs & Business:Build Your own ChatGPT,25,10,1,250,Welcome to the Chatbot Mastery Course Get ready to unlock the secrets of building intelligent chatbots using AI  Throughout this course youll gain the skills to thrive in modern careers and business with cutting-edge chatbot technology This course is precisely designed for adults so that they get strong exposure to building a chatbot like chatgpt and incorporate it into their business and jobs and get an extra edge over othersDay 1️⃣ Introduction to Chatbots and NLP  - Discover the power of chatbots and their applications and dive into the fundamentals of Natural Language Processing NLPDay 2️⃣ Designing Conversational Interfaces  - Learn the art of creating engaging and user-friendly chatbot conversations focusing on conversational design and user experienceDay 3️⃣ Introduction to NLU  - Explore the significance of Natural Language Understanding NLU in chatbot development and gain insights into intent recognition and entity extractionProject 1 Building an Intent Recognition Model for the ChatbotDay 4️⃣ Natural Language Generation NLG  - Master the techniques for generating human-like responses and personalizing chatbot interactions using Natural Language Generation NLGDay 5️⃣ Dialog Management and Contextual Understanding  - Learn to manage multi-turn conversations handle user queries and maintain context within chatbot interactionsProject 2 Developing a Contextual Chatbot with Memory and Dialog ManagementDay 6️⃣ Deep Learning for Chatbots - Dive into the world of deep learning and explore how it powers chatbot models with a focus on recurrent neural networks RNNs and training techniquesDay 7️⃣ Deploying Chatbots on Messaging Platforms  - Discover the process of integrating and deploying chatbots on popular messaging platforms like Telegram and Facebook MessengerProject 3 Deploying the Chatbot on a Messaging PlatformDay 8️⃣ Chatbot Analytics and Performance Monitoring  - Learn how to track and analyze user interactions measure chatbot performance and enhance user satisfaction using analyticsDay 9️⃣ Chatbot Personalization and Customization  - Unlock the potential of personalized chatbot experiences by understanding user preferences and implementing recommendation systemsProject 4 Adding Personalization Features to the ChatbotDay  Future Trends in Chatbot Technology - Explore the exciting advancements in chatbot technology including voice-enabled chatbots and responsible AI practicesBy the end youll master chatbot development and conversational design and create engaging chatbots that understand and respond naturally So why wait nowget yourself enrolled for the course right now and start building your career life,Coming Soon
"HTML, CSS, JavaScript Essentials: 5-Day Coding Bootcamp",13,5,1,65,Unleash your creativity in our fun and interactive 5-day summer camp No prior experience needed Youll learn how to build style and bring webpages to life creating your own interactive page by the end Join us and dive into the world of coding and web design,Coming Soon
